dim_date_id,date_val,calendar_year,calendar_month,calendar_day,day_of_week,is_weekday,is_workday,is_holiday
1,2017-01-01,2017,1,1,1,0,0,1
2,2017-01-02,2017,1,2,2,1,0,0
3,2017-01-03,2017,1,3,3,1,1,0
4,2017-01-04,2017,1,4,4,1,1,0
5,2017-01-05,2017,1,5,5,1,1,0
6,2017-01-06,2017,1,6,6,1,1,0
7,2017-01-07,2017,1,7,7,0,0,0
8,2017-01-08,2017,1,8,1,0,0,0
9,2017-01-09,2017,1,9,2,1,1,0
10,2017-01-10,2017,1,10,3,1,1,0
11,2017-01-11,2017,1,11,4,1,1,0
12,2017-01-12,2017,1,12,5,1,1,0
13,2017-01-13,2017,1,13,6,1,1,0
14,2017-01-14,2017,1,14,7,0,0,0
15,2017-01-15,2017,1,15,1,0,0,0
16,2017-01-16,2017,1,16,2,1,1,0
17,2017-01-17,2017,1,17,3,1,1,0
18,2017-01-18,2017,1,18,4,1,1,0
19,2017-01-19,2017,1,19,5,1,1,0
20,2017-01-20,2017,1,20,6,1,1,0
21,2017-01-21,2017,1,21,7,0,0,0
22,2017-01-22,2017,1,22,1,0,0,0
23,2017-01-23,2017,1,23,2,1,1,0
24,2017-01-24,2017,1,24,3,1,1,0
25,2017-01-25,2017,1,25,4,1,1,0
26,2017-01-26,2017,1,26,5,1,1,0
27,2017-01-27,2017,1,27,6,1,1,0
28,2017-01-28,2017,1,28,7,0,0,0
29,2017-01-29,2017,1,29,1,0,0,0
30,2017-01-30,2017,1,30,2,1,1,0
31,2017-01-31,2017,1,31,3,1,1,0
32,2017-02-01,2017,2,1,4,1,1,0
33,2017-02-02,2017,2,2,5,1,1,0
34,2017-02-03,2017,2,3,6,1,1,0
35,2017-02-04,2017,2,4,7,0,0,0
36,2017-02-05,2017,2,5,1,0,0,0
37,2017-02-06,2017,2,6,2,1,1,0
38,2017-02-07,2017,2,7,3,1,1,0
39,2017-02-08,2017,2,8,4,1,1,0
40,2017-02-09,2017,2,9,5,1,1,0
41,2017-02-10,2017,2,10,6,1,1,0
42,2017-02-11,2017,2,11,7,0,0,0
43,2017-02-12,2017,2,12,1,0,0,0
44,2017-02-13,2017,2,13,2,1,1,0
45,2017-02-14,2017,2,14,3,1,1,0
46,2017-02-15,2017,2,15,4,1,1,0
47,2017-02-16,2017,2,16,5,1,1,0
48,2017-02-17,2017,2,17,6,1,1,0
49,2017-02-18,2017,2,18,7,0,0,0
50,2017-02-19,2017,2,19,1,0,0,0
51,2017-02-20,2017,2,20,2,1,1,0
52,2017-02-21,2017,2,21,3,1,1,0
53,2017-02-22,2017,2,22,4,1,1,0
54,2017-02-23,2017,2,23,5,1,1,0
55,2017-02-24,2017,2,24,6,1,1,0
56,2017-02-25,2017,2,25,7,0,0,0
57,2017-02-26,2017,2,26,1,0,0,0
58,2017-02-27,2017,2,27,2,1,1,0
59,2017-02-28,2017,2,28,3,1,1,0
60,2017-03-01,2017,3,1,4,1,1,0
61,2017-03-02,2017,3,2,5,1,1,0
62,2017-03-03,2017,3,3,6,1,1,0
63,2017-03-04,2017,3,4,7,0,0,0
64,2017-03-05,2017,3,5,1,0,0,0
65,2017-03-06,2017,3,6,2,1,1,0
66,2017-03-07,2017,3,7,3,1,1,0
67,2017-03-08,2017,3,8,4,1,1,0
68,2017-03-09,2017,3,9,5,1,1,0
69,2017-03-10,2017,3,10,6,1,1,0
70,2017-03-11,2017,3,11,7,0,0,0
71,2017-03-12,2017,3,12,1,0,0,0
72,2017-03-13,2017,3,13,2,1,1,0
73,2017-03-14,2017,3,14,3,1,1,0
74,2017-03-15,2017,3,15,4,1,1,0
75,2017-03-16,2017,3,16,5,1,1,0
76,2017-03-17,2017,3,17,6,1,1,0
77,2017-03-18,2017,3,18,7,0,0,0
78,2017-03-19,2017,3,19,1,0,0,0
79,2017-03-20,2017,3,20,2,1,1,0
80,2017-03-21,2017,3,21,3,1,1,0
81,2017-03-22,2017,3,22,4,1,1,0
82,2017-03-23,2017,3,23,5,1,1,0
83,2017-03-24,2017,3,24,6,1,1,0
84,2017-03-25,2017,3,25,7,0,0,0
85,2017-03-26,2017,3,26,1,0,0,0
86,2017-03-27,2017,3,27,2,1,1,0
87,2017-03-28,2017,3,28,3,1,1,0
88,2017-03-29,2017,3,29,4,1,1,0
89,2017-03-30,2017,3,30,5,1,1,0
90,2017-03-31,2017,3,31,6,1,1,0
91,2017-04-01,2017,4,1,7,0,0,0
92,2017-04-02,2017,4,2,1,0,0,0
93,2017-04-03,2017,4,3,2,1,1,0
94,2017-04-04,2017,4,4,3,1,1,0
95,2017-04-05,2017,4,5,4,1,1,0
96,2017-04-06,2017,4,6,5,1,1,0
97,2017-04-07,2017,4,7,6,1,1,0
98,2017-04-08,2017,4,8,7,0,0,0
99,2017-04-09,2017,4,9,1,0,0,0
100,2017-04-10,2017,4,10,2,1,1,0
101,2017-04-11,2017,4,11,3,1,1,0
102,2017-04-12,2017,4,12,4,1,1,0
103,2017-04-13,2017,4,13,5,1,1,0
104,2017-04-14,2017,4,14,6,1,1,0
105,2017-04-15,2017,4,15,7,0,0,0
106,2017-04-16,2017,4,16,1,0,0,0
107,2017-04-17,2017,4,17,2,1,1,0
108,2017-04-18,2017,4,18,3,1,1,0
109,2017-04-19,2017,4,19,4,1,1,0
110,2017-04-20,2017,4,20,5,1,1,0
111,2017-04-21,2017,4,21,6,1,1,0
112,2017-04-22,2017,4,22,7,0,0,0
113,2017-04-23,2017,4,23,1,0,0,0
114,2017-04-24,2017,4,24,2,1,1,0
115,2017-04-25,2017,4,25,3,1,1,0
116,2017-04-26,2017,4,26,4,1,1,0
117,2017-04-27,2017,4,27,5,1,1,0
118,2017-04-28,2017,4,28,6,1,1,0
119,2017-04-29,2017,4,29,7,0,0,0
120,2017-04-30,2017,4,30,1,0,0,0
121,2017-05-01,2017,5,1,2,1,1,0
122,2017-05-02,2017,5,2,3,1,1,0
123,2017-05-03,2017,5,3,4,1,1,0
124,2017-05-04,2017,5,4,5,1,1,0
125,2017-05-05,2017,5,5,6,1,1,0
126,2017-05-06,2017,5,6,7,0,0,0
127,2017-05-07,2017,5,7,1,0,0,0
128,2017-05-08,2017,5,8,2,1,1,0
129,2017-05-09,2017,5,9,3,1,1,0
130,2017-05-10,2017,5,10,4,1,1,0
131,2017-05-11,2017,5,11,5,1,1,0
132,2017-05-12,2017,5,12,6,1,1,0
133,2017-05-13,2017,5,13,7,0,0,0
134,2017-05-14,2017,5,14,1,0,0,0
135,2017-05-15,2017,5,15,2,1,1,0
136,2017-05-16,2017,5,16,3,1,1,0
137,2017-05-17,2017,5,17,4,1,1,0
138,2017-05-18,2017,5,18,5,1,1,0
139,2017-05-19,2017,5,19,6,1,1,0
140,2017-05-20,2017,5,20,7,0,0,0
141,2017-05-21,2017,5,21,1,0,0,0
142,2017-05-22,2017,5,22,2,1,1,0
143,2017-05-23,2017,5,23,3,1,1,0
144,2017-05-24,2017,5,24,4,1,1,0
145,2017-05-25,2017,5,25,5,1,1,0
146,2017-05-26,2017,5,26,6,1,1,0
147,2017-05-27,2017,5,27,7,0,0,0
148,2017-05-28,2017,5,28,1,0,0,0
149,2017-05-29,2017,5,29,2,1,0,1
150,2017-05-30,2017,5,30,3,1,1,0
151,2017-05-31,2017,5,31,4,1,1,0
152,2017-06-01,2017,6,1,5,1,1,0
153,2017-06-02,2017,6,2,6,1,1,0
154,2017-06-03,2017,6,3,7,0,0,0
155,2017-06-04,2017,6,4,1,0,0,0
156,2017-06-05,2017,6,5,2,1,1,0
157,2017-06-06,2017,6,6,3,1,1,0
158,2017-06-07,2017,6,7,4,1,1,0
159,2017-06-08,2017,6,8,5,1,1,0
160,2017-06-09,2017,6,9,6,1,1,0
161,2017-06-10,2017,6,10,7,0,0,0
162,2017-06-11,2017,6,11,1,0,0,0
163,2017-06-12,2017,6,12,2,1,1,0
164,2017-06-13,2017,6,13,3,1,1,0
165,2017-06-14,2017,6,14,4,1,1,0
166,2017-06-15,2017,6,15,5,1,1,0
167,2017-06-16,2017,6,16,6,1,1,0
168,2017-06-17,2017,6,17,7,0,0,0
169,2017-06-18,2017,6,18,1,0,0,0
170,2017-06-19,2017,6,19,2,1,1,0
171,2017-06-20,2017,6,20,3,1,1,0
172,2017-06-21,2017,6,21,4,1,1,0
173,2017-06-22,2017,6,22,5,1,1,0
174,2017-06-23,2017,6,23,6,1,1,0
175,2017-06-24,2017,6,24,7,0,0,0
176,2017-06-25,2017,6,25,1,0,0,0
177,2017-06-26,2017,6,26,2,1,1,0
178,2017-06-27,2017,6,27,3,1,1,0
179,2017-06-28,2017,6,28,4,1,1,0
180,2017-06-29,2017,6,29,5,1,1,0
181,2017-06-30,2017,6,30,6,1,1,0
182,2017-07-01,2017,7,1,7,0,0,0
183,2017-07-02,2017,7,2,1,0,0,0
184,2017-07-03,2017,7,3,2,1,1,0
185,2017-07-04,2017,7,4,3,1,0,1
186,2017-07-05,2017,7,5,4,1,1,0
187,2017-07-06,2017,7,6,5,1,1,0
188,2017-07-07,2017,7,7,6,1,1,0
189,2017-07-08,2017,7,8,7,0,0,0
190,2017-07-09,2017,7,9,1,0,0,0
191,2017-07-10,2017,7,10,2,1,1,0
192,2017-07-11,2017,7,11,3,1,1,0
193,2017-07-12,2017,7,12,4,1,1,0
194,2017-07-13,2017,7,13,5,1,1,0
195,2017-07-14,2017,7,14,6,1,1,0
196,2017-07-15,2017,7,15,7,0,0,0
197,2017-07-16,2017,7,16,1,0,0,0
198,2017-07-17,2017,7,17,2,1,1,0
199,2017-07-18,2017,7,18,3,1,1,0
200,2017-07-19,2017,7,19,4,1,1,0
201,2017-07-20,2017,7,20,5,1,1,0
202,2017-07-21,2017,7,21,6,1,1,0
203,2017-07-22,2017,7,22,7,0,0,0
204,2017-07-23,2017,7,23,1,0,0,0
205,2017-07-24,2017,7,24,2,1,1,0
206,2017-07-25,2017,7,25,3,1,1,0
207,2017-07-26,2017,7,26,4,1,1,0
208,2017-07-27,2017,7,27,5,1,1,0
209,2017-07-28,2017,7,28,6,1,1,0
210,2017-07-29,2017,7,29,7,0,0,0
211,2017-07-30,2017,7,30,1,0,0,0
212,2017-07-31,2017,7,31,2,1,1,0
213,2017-08-01,2017,8,1,3,1,1,0
214,2017-08-02,2017,8,2,4,1,1,0
215,2017-08-03,2017,8,3,5,1,1,0
216,2017-08-04,2017,8,4,6,1,1,0
217,2017-08-05,2017,8,5,7,0,0,0
218,2017-08-06,2017,8,6,1,0,0,0
219,2017-08-07,2017,8,7,2,1,1,0
220,2017-08-08,2017,8,8,3,1,1,0
221,2017-08-09,2017,8,9,4,1,1,0
222,2017-08-10,2017,8,10,5,1,1,0
223,2017-08-11,2017,8,11,6,1,1,0
224,2017-08-12,2017,8,12,7,0,0,0
225,2017-08-13,2017,8,13,1,0,0,0
226,2017-08-14,2017,8,14,2,1,1,0
227,2017-08-15,2017,8,15,3,1,1,0
228,2017-08-16,2017,8,16,4,1,1,0
229,2017-08-17,2017,8,17,5,1,1,0
230,2017-08-18,2017,8,18,6,1,1,0
231,2017-08-19,2017,8,19,7,0,0,0
232,2017-08-20,2017,8,20,1,0,0,0
233,2017-08-21,2017,8,21,2,1,1,0
234,2017-08-22,2017,8,22,3,1,1,0
235,2017-08-23,2017,8,23,4,1,1,0
236,2017-08-24,2017,8,24,5,1,1,0
237,2017-08-25,2017,8,25,6,1,1,0
238,2017-08-26,2017,8,26,7,0,0,0
239,2017-08-27,2017,8,27,1,0,0,0
240,2017-08-28,2017,8,28,2,1,1,0
241,2017-08-29,2017,8,29,3,1,1,0
242,2017-08-30,2017,8,30,4,1,1,0
243,2017-08-31,2017,8,31,5,1,1,0
244,2017-09-01,2017,9,1,6,1,1,0
245,2017-09-02,2017,9,2,7,0,0,0
246,2017-09-03,2017,9,3,1,0,0,0
247,2017-09-04,2017,9,4,2,1,0,1
248,2017-09-05,2017,9,5,3,1,1,0
249,2017-09-06,2017,9,6,4,1,1,0
250,2017-09-07,2017,9,7,5,1,1,0
251,2017-09-08,2017,9,8,6,1,1,0
252,2017-09-09,2017,9,9,7,0,0,0
253,2017-09-10,2017,9,10,1,0,0,0
254,2017-09-11,2017,9,11,2,1,1,0
255,2017-09-12,2017,9,12,3,1,1,0
256,2017-09-13,2017,9,13,4,1,1,0
257,2017-09-14,2017,9,14,5,1,1,0
258,2017-09-15,2017,9,15,6,1,1,0
259,2017-09-16,2017,9,16,7,0,0,0
260,2017-09-17,2017,9,17,1,0,0,0
261,2017-09-18,2017,9,18,2,1,1,0
262,2017-09-19,2017,9,19,3,1,1,0
263,2017-09-20,2017,9,20,4,1,1,0
264,2017-09-21,2017,9,21,5,1,1,0
265,2017-09-22,2017,9,22,6,1,1,0
266,2017-09-23,2017,9,23,7,0,0,0
267,2017-09-24,2017,9,24,1,0,0,0
268,2017-09-25,2017,9,25,2,1,1,0
269,2017-09-26,2017,9,26,3,1,1,0
270,2017-09-27,2017,9,27,4,1,1,0
271,2017-09-28,2017,9,28,5,1,1,0
272,2017-09-29,2017,9,29,6,1,1,0
273,2017-09-30,2017,9,30,7,0,0,0
274,2017-10-01,2017,10,1,1,0,0,0
275,2017-10-02,2017,10,2,2,1,1,0
276,2017-10-03,2017,10,3,3,1,1,0
277,2017-10-04,2017,10,4,4,1,1,0
278,2017-10-05,2017,10,5,5,1,1,0
279,2017-10-06,2017,10,6,6,1,1,0
280,2017-10-07,2017,10,7,7,0,0,0
281,2017-10-08,2017,10,8,1,0,0,0
282,2017-10-09,2017,10,9,2,1,1,0
283,2017-10-10,2017,10,10,3,1,1,0
284,2017-10-11,2017,10,11,4,1,1,0
285,2017-10-12,2017,10,12,5,1,1,0
286,2017-10-13,2017,10,13,6,1,1,0
287,2017-10-14,2017,10,14,7,0,0,0
288,2017-10-15,2017,10,15,1,0,0,0
289,2017-10-16,2017,10,16,2,1,1,0
290,2017-10-17,2017,10,17,3,1,1,0
291,2017-10-18,2017,10,18,4,1,1,0
292,2017-10-19,2017,10,19,5,1,1,0
293,2017-10-20,2017,10,20,6,1,1,0
294,2017-10-21,2017,10,21,7,0,0,0
295,2017-10-22,2017,10,22,1,0,0,0
296,2017-10-23,2017,10,23,2,1,1,0
297,2017-10-24,2017,10,24,3,1,1,0
298,2017-10-25,2017,10,25,4,1,1,0
299,2017-10-26,2017,10,26,5,1,1,0
300,2017-10-27,2017,10,27,6,1,1,0
301,2017-10-28,2017,10,28,7,0,0,0
302,2017-10-29,2017,10,29,1,0,0,0
303,2017-10-30,2017,10,30,2,1,1,0
304,2017-10-31,2017,10,31,3,1,1,0
305,2017-11-01,2017,11,1,4,1,1,0
306,2017-11-02,2017,11,2,5,1,1,0
307,2017-11-03,2017,11,3,6,1,1,0
308,2017-11-04,2017,11,4,7,0,0,0
309,2017-11-05,2017,11,5,1,0,0,0
310,2017-11-06,2017,11,6,2,1,1,0
311,2017-11-07,2017,11,7,3,1,1,0
312,2017-11-08,2017,11,8,4,1,1,0
313,2017-11-09,2017,11,9,5,1,1,0
314,2017-11-10,2017,11,10,6,1,1,0
315,2017-11-11,2017,11,11,7,0,0,0
316,2017-11-12,2017,11,12,1,0,0,0
317,2017-11-13,2017,11,13,2,1,1,0
318,2017-11-14,2017,11,14,3,1,1,0
319,2017-11-15,2017,11,15,4,1,1,0
320,2017-11-16,2017,11,16,5,1,1,0
321,2017-11-17,2017,11,17,6,1,1,0
322,2017-11-18,2017,11,18,7,0,0,0
323,2017-11-19,2017,11,19,1,0,0,0
324,2017-11-20,2017,11,20,2,1,1,0
325,2017-11-21,2017,11,21,3,1,1,0
326,2017-11-22,2017,11,22,4,1,1,0
327,2017-11-23,2017,11,23,5,1,0,1
328,2017-11-24,2017,11,24,6,1,0,0
329,2017-11-25,2017,11,25,7,0,0,0
330,2017-11-26,2017,11,26,1,0,0,0
331,2017-11-27,2017,11,27,2,1,1,0
332,2017-11-28,2017,11,28,3,1,1,0
333,2017-11-29,2017,11,29,4,1,1,0
334,2017-11-30,2017,11,30,5,1,1,0
335,2017-12-01,2017,12,1,6,1,1,0
336,2017-12-02,2017,12,2,7,0,0,0
337,2017-12-03,2017,12,3,1,0,0,0
338,2017-12-04,2017,12,4,2,1,1,0
339,2017-12-05,2017,12,5,3,1,1,0
340,2017-12-06,2017,12,6,4,1,1,0
341,2017-12-07,2017,12,7,5,1,1,0
342,2017-12-08,2017,12,8,6,1,1,0
343,2017-12-09,2017,12,9,7,0,0,0
344,2017-12-10,2017,12,10,1,0,0,0
345,2017-12-11,2017,12,11,2,1,1,0
346,2017-12-12,2017,12,12,3,1,1,0
347,2017-12-13,2017,12,13,4,1,1,0
348,2017-12-14,2017,12,14,5,1,1,0
349,2017-12-15,2017,12,15,6,1,1,0
350,2017-12-16,2017,12,16,7,0,0,0
351,2017-12-17,2017,12,17,1,0,0,0
352,2017-12-18,2017,12,18,2,1,1,0
353,2017-12-19,2017,12,19,3,1,1,0
354,2017-12-20,2017,12,20,4,1,1,0
355,2017-12-21,2017,12,21,5,1,1,0
356,2017-12-22,2017,12,22,6,1,1,0
357,2017-12-23,2017,12,23,7,0,0,0
358,2017-12-24,2017,12,24,1,0,0,0
359,2017-12-25,2017,12,25,2,1,0,1
360,2017-12-26,2017,12,26,3,1,1,0
361,2017-12-27,2017,12,27,4,1,1,0
362,2017-12-28,2017,12,28,5,1,1,0
363,2017-12-29,2017,12,29,6,1,1,0
364,2017-12-30,2017,12,30,7,0,0,0
365,2017-12-31,2017,12,31,1,0,0,0
366,2018-01-01,2018,1,1,2,1,0,1
367,2018-01-02,2018,1,2,3,1,1,0
368,2018-01-03,2018,1,3,4,1,1,0
369,2018-01-04,2018,1,4,5,1,1,0
370,2018-01-05,2018,1,5,6,1,1,0
371,2018-01-06,2018,1,6,7,0,0,0
372,2018-01-07,2018,1,7,1,0,0,0
373,2018-01-08,2018,1,8,2,1,1,0
374,2018-01-09,2018,1,9,3,1,1,0
375,2018-01-10,2018,1,10,4,1,1,0
376,2018-01-11,2018,1,11,5,1,1,0
377,2018-01-12,2018,1,12,6,1,1,0
378,2018-01-13,2018,1,13,7,0,0,0
379,2018-01-14,2018,1,14,1,0,0,0
380,2018-01-15,2018,1,15,2,1,1,0
381,2018-01-16,2018,1,16,3,1,1,0
382,2018-01-17,2018,1,17,4,1,1,0
383,2018-01-18,2018,1,18,5,1,1,0
384,2018-01-19,2018,1,19,6,1,1,0
385,2018-01-20,2018,1,20,7,0,0,0
386,2018-01-21,2018,1,21,1,0,0,0
387,2018-01-22,2018,1,22,2,1,1,0
388,2018-01-23,2018,1,23,3,1,1,0
389,2018-01-24,2018,1,24,4,1,1,0
390,2018-01-25,2018,1,25,5,1,1,0
391,2018-01-26,2018,1,26,6,1,1,0
392,2018-01-27,2018,1,27,7,0,0,0
393,2018-01-28,2018,1,28,1,0,0,0
394,2018-01-29,2018,1,29,2,1,1,0
395,2018-01-30,2018,1,30,3,1,1,0
396,2018-01-31,2018,1,31,4,1,1,0
397,2018-02-01,2018,2,1,5,1,1,0
398,2018-02-02,2018,2,2,6,1,1,0
399,2018-02-03,2018,2,3,7,0,0,0
400,2018-02-04,2018,2,4,1,0,0,0
401,2018-02-05,2018,2,5,2,1,1,0
402,2018-02-06,2018,2,6,3,1,1,0
403,2018-02-07,2018,2,7,4,1,1,0
404,2018-02-08,2018,2,8,5,1,1,0
405,2018-02-09,2018,2,9,6,1,1,0
406,2018-02-10,2018,2,10,7,0,0,0
407,2018-02-11,2018,2,11,1,0,0,0
408,2018-02-12,2018,2,12,2,1,1,0
409,2018-02-13,2018,2,13,3,1,1,0
410,2018-02-14,2018,2,14,4,1,1,0
411,2018-02-15,2018,2,15,5,1,1,0
412,2018-02-16,2018,2,16,6,1,1,0
413,2018-02-17,2018,2,17,7,0,0,0
414,2018-02-18,2018,2,18,1,0,0,0
415,2018-02-19,2018,2,19,2,1,1,0
416,2018-02-20,2018,2,20,3,1,1,0
417,2018-02-21,2018,2,21,4,1,1,0
418,2018-02-22,2018,2,22,5,1,1,0
419,2018-02-23,2018,2,23,6,1,1,0
420,2018-02-24,2018,2,24,7,0,0,0
421,2018-02-25,2018,2,25,1,0,0,0
422,2018-02-26,2018,2,26,2,1,1,0
423,2018-02-27,2018,2,27,3,1,1,0
424,2018-02-28,2018,2,28,4,1,1,0
425,2018-03-01,2018,3,1,5,1,1,0
426,2018-03-02,2018,3,2,6,1,1,0
427,2018-03-03,2018,3,3,7,0,0,0
428,2018-03-04,2018,3,4,1,0,0,0
429,2018-03-05,2018,3,5,2,1,1,0
430,2018-03-06,2018,3,6,3,1,1,0
431,2018-03-07,2018,3,7,4,1,1,0
432,2018-03-08,2018,3,8,5,1,1,0
433,2018-03-09,2018,3,9,6,1,1,0
434,2018-03-10,2018,3,10,7,0,0,0
435,2018-03-11,2018,3,11,1,0,0,0
436,2018-03-12,2018,3,12,2,1,1,0
437,2018-03-13,2018,3,13,3,1,1,0
438,2018-03-14,2018,3,14,4,1,1,0
439,2018-03-15,2018,3,15,5,1,1,0
440,2018-03-16,2018,3,16,6,1,1,0
441,2018-03-17,2018,3,17,7,0,0,0
442,2018-03-18,2018,3,18,1,0,0,0
443,2018-03-19,2018,3,19,2,1,1,0
444,2018-03-20,2018,3,20,3,1,1,0
445,2018-03-21,2018,3,21,4,1,1,0
446,2018-03-22,2018,3,22,5,1,1,0
447,2018-03-23,2018,3,23,6,1,1,0
448,2018-03-24,2018,3,24,7,0,0,0
449,2018-03-25,2018,3,25,1,0,0,0
450,2018-03-26,2018,3,26,2,1,1,0
451,2018-03-27,2018,3,27,3,1,1,0
452,2018-03-28,2018,3,28,4,1,1,0
453,2018-03-29,2018,3,29,5,1,1,0
454,2018-03-30,2018,3,30,6,1,1,0
455,2018-03-31,2018,3,31,7,0,0,0
456,2018-04-01,2018,4,1,1,0,0,0
457,2018-04-02,2018,4,2,2,1,1,0
458,2018-04-03,2018,4,3,3,1,1,0
459,2018-04-04,2018,4,4,4,1,1,0
460,2018-04-05,2018,4,5,5,1,1,0
461,2018-04-06,2018,4,6,6,1,1,0
462,2018-04-07,2018,4,7,7,0,0,0
463,2018-04-08,2018,4,8,1,0,0,0
464,2018-04-09,2018,4,9,2,1,1,0
465,2018-04-10,2018,4,10,3,1,1,0
466,2018-04-11,2018,4,11,4,1,1,0
467,2018-04-12,2018,4,12,5,1,1,0
468,2018-04-13,2018,4,13,6,1,1,0
469,2018-04-14,2018,4,14,7,0,0,0
470,2018-04-15,2018,4,15,1,0,0,0
471,2018-04-16,2018,4,16,2,1,1,0
472,2018-04-17,2018,4,17,3,1,1,0
473,2018-04-18,2018,4,18,4,1,1,0
474,2018-04-19,2018,4,19,5,1,1,0
475,2018-04-20,2018,4,20,6,1,1,0
476,2018-04-21,2018,4,21,7,0,0,0
477,2018-04-22,2018,4,22,1,0,0,0
478,2018-04-23,2018,4,23,2,1,1,0
479,2018-04-24,2018,4,24,3,1,1,0
480,2018-04-25,2018,4,25,4,1,1,0
481,2018-04-26,2018,4,26,5,1,1,0
482,2018-04-27,2018,4,27,6,1,1,0
483,2018-04-28,2018,4,28,7,0,0,0
484,2018-04-29,2018,4,29,1,0,0,0
485,2018-04-30,2018,4,30,2,1,1,0
486,2018-05-01,2018,5,1,3,1,1,0
487,2018-05-02,2018,5,2,4,1,1,0
488,2018-05-03,2018,5,3,5,1,1,0
489,2018-05-04,2018,5,4,6,1,1,0
490,2018-05-05,2018,5,5,7,0,0,0
491,2018-05-06,2018,5,6,1,0,0,0
492,2018-05-07,2018,5,7,2,1,1,0
493,2018-05-08,2018,5,8,3,1,1,0
494,2018-05-09,2018,5,9,4,1,1,0
495,2018-05-10,2018,5,10,5,1,1,0
496,2018-05-11,2018,5,11,6,1,1,0
497,2018-05-12,2018,5,12,7,0,0,0
498,2018-05-13,2018,5,13,1,0,0,0
499,2018-05-14,2018,5,14,2,1,1,0
500,2018-05-15,2018,5,15,3,1,1,0
501,2018-05-16,2018,5,16,4,1,1,0
502,2018-05-17,2018,5,17,5,1,1,0
503,2018-05-18,2018,5,18,6,1,1,0
504,2018-05-19,2018,5,19,7,0,0,0
505,2018-05-20,2018,5,20,1,0,0,0
506,2018-05-21,2018,5,21,2,1,1,0
507,2018-05-22,2018,5,22,3,1,1,0
508,2018-05-23,2018,5,23,4,1,1,0
509,2018-05-24,2018,5,24,5,1,1,0
510,2018-05-25,2018,5,25,6,1,1,0
511,2018-05-26,2018,5,26,7,0,0,0
512,2018-05-27,2018,5,27,1,0,0,0
513,2018-05-28,2018,5,28,2,1,0,1
514,2018-05-29,2018,5,29,3,1,1,0
515,2018-05-30,2018,5,30,4,1,1,0
516,2018-05-31,2018,5,31,5,1,1,0
517,2018-06-01,2018,6,1,6,1,1,0
518,2018-06-02,2018,6,2,7,0,0,0
519,2018-06-03,2018,6,3,1,0,0,0
520,2018-06-04,2018,6,4,2,1,1,0
521,2018-06-05,2018,6,5,3,1,1,0
522,2018-06-06,2018,6,6,4,1,1,0
523,2018-06-07,2018,6,7,5,1,1,0
524,2018-06-08,2018,6,8,6,1,1,0
525,2018-06-09,2018,6,9,7,0,0,0
526,2018-06-10,2018,6,10,1,0,0,0
527,2018-06-11,2018,6,11,2,1,1,0
528,2018-06-12,2018,6,12,3,1,1,0
529,2018-06-13,2018,6,13,4,1,1,0
530,2018-06-14,2018,6,14,5,1,1,0
531,2018-06-15,2018,6,15,6,1,1,0
532,2018-06-16,2018,6,16,7,0,0,0
533,2018-06-17,2018,6,17,1,0,0,0
534,2018-06-18,2018,6,18,2,1,1,0
535,2018-06-19,2018,6,19,3,1,1,0
536,2018-06-20,2018,6,20,4,1,1,0
537,2018-06-21,2018,6,21,5,1,1,0
538,2018-06-22,2018,6,22,6,1,1,0
539,2018-06-23,2018,6,23,7,0,0,0
540,2018-06-24,2018,6,24,1,0,0,0
541,2018-06-25,2018,6,25,2,1,1,0
542,2018-06-26,2018,6,26,3,1,1,0
543,2018-06-27,2018,6,27,4,1,1,0
544,2018-06-28,2018,6,28,5,1,1,0
545,2018-06-29,2018,6,29,6,1,1,0
546,2018-06-30,2018,6,30,7,0,0,0
547,2018-07-01,2018,7,1,1,0,0,0
548,2018-07-02,2018,7,2,2,1,1,0
549,2018-07-03,2018,7,3,3,1,1,0
550,2018-07-04,2018,7,4,4,1,0,1
551,2018-07-05,2018,7,5,5,1,1,0
552,2018-07-06,2018,7,6,6,1,1,0
553,2018-07-07,2018,7,7,7,0,0,0
554,2018-07-08,2018,7,8,1,0,0,0
555,2018-07-09,2018,7,9,2,1,1,0
556,2018-07-10,2018,7,10,3,1,1,0
557,2018-07-11,2018,7,11,4,1,1,0
558,2018-07-12,2018,7,12,5,1,1,0
559,2018-07-13,2018,7,13,6,1,1,0
560,2018-07-14,2018,7,14,7,0,0,0
561,2018-07-15,2018,7,15,1,0,0,0
562,2018-07-16,2018,7,16,2,1,1,0
563,2018-07-17,2018,7,17,3,1,1,0
564,2018-07-18,2018,7,18,4,1,1,0
565,2018-07-19,2018,7,19,5,1,1,0
566,2018-07-20,2018,7,20,6,1,1,0
567,2018-07-21,2018,7,21,7,0,0,0
568,2018-07-22,2018,7,22,1,0,0,0
569,2018-07-23,2018,7,23,2,1,1,0
570,2018-07-24,2018,7,24,3,1,1,0
571,2018-07-25,2018,7,25,4,1,1,0
572,2018-07-26,2018,7,26,5,1,1,0
573,2018-07-27,2018,7,27,6,1,1,0
574,2018-07-28,2018,7,28,7,0,0,0
575,2018-07-29,2018,7,29,1,0,0,0
576,2018-07-30,2018,7,30,2,1,1,0
577,2018-07-31,2018,7,31,3,1,1,0
578,2018-08-01,2018,8,1,4,1,1,0
579,2018-08-02,2018,8,2,5,1,1,0
580,2018-08-03,2018,8,3,6,1,1,0
581,2018-08-04,2018,8,4,7,0,0,0
582,2018-08-05,2018,8,5,1,0,0,0
583,2018-08-06,2018,8,6,2,1,1,0
584,2018-08-07,2018,8,7,3,1,1,0
585,2018-08-08,2018,8,8,4,1,1,0
586,2018-08-09,2018,8,9,5,1,1,0
587,2018-08-10,2018,8,10,6,1,1,0
588,2018-08-11,2018,8,11,7,0,0,0
589,2018-08-12,2018,8,12,1,0,0,0
590,2018-08-13,2018,8,13,2,1,1,0
591,2018-08-14,2018,8,14,3,1,1,0
592,2018-08-15,2018,8,15,4,1,1,0
593,2018-08-16,2018,8,16,5,1,1,0
594,2018-08-17,2018,8,17,6,1,1,0
595,2018-08-18,2018,8,18,7,0,0,0
596,2018-08-19,2018,8,19,1,0,0,0
597,2018-08-20,2018,8,20,2,1,1,0
598,2018-08-21,2018,8,21,3,1,1,0
599,2018-08-22,2018,8,22,4,1,1,0
600,2018-08-23,2018,8,23,5,1,1,0
601,2018-08-24,2018,8,24,6,1,1,0
602,2018-08-25,2018,8,25,7,0,0,0
603,2018-08-26,2018,8,26,1,0,0,0
604,2018-08-27,2018,8,27,2,1,1,0
605,2018-08-28,2018,8,28,3,1,1,0
606,2018-08-29,2018,8,29,4,1,1,0
607,2018-08-30,2018,8,30,5,1,1,0
608,2018-08-31,2018,8,31,6,1,1,0
609,2018-09-01,2018,9,1,7,0,0,0
610,2018-09-02,2018,9,2,1,0,0,0
611,2018-09-03,2018,9,3,2,1,0,1
612,2018-09-04,2018,9,4,3,1,1,0
613,2018-09-05,2018,9,5,4,1,1,0
614,2018-09-06,2018,9,6,5,1,1,0
615,2018-09-07,2018,9,7,6,1,1,0
616,2018-09-08,2018,9,8,7,0,0,0
617,2018-09-09,2018,9,9,1,0,0,0
618,2018-09-10,2018,9,10,2,1,1,0
619,2018-09-11,2018,9,11,3,1,1,0
620,2018-09-12,2018,9,12,4,1,1,0
621,2018-09-13,2018,9,13,5,1,1,0
622,2018-09-14,2018,9,14,6,1,1,0
623,2018-09-15,2018,9,15,7,0,0,0
624,2018-09-16,2018,9,16,1,0,0,0
625,2018-09-17,2018,9,17,2,1,1,0
626,2018-09-18,2018,9,18,3,1,1,0
627,2018-09-19,2018,9,19,4,1,1,0
628,2018-09-20,2018,9,20,5,1,1,0
629,2018-09-21,2018,9,21,6,1,1,0
630,2018-09-22,2018,9,22,7,0,0,0
631,2018-09-23,2018,9,23,1,0,0,0
632,2018-09-24,2018,9,24,2,1,1,0
633,2018-09-25,2018,9,25,3,1,1,0
634,2018-09-26,2018,9,26,4,1,1,0
635,2018-09-27,2018,9,27,5,1,1,0
636,2018-09-28,2018,9,28,6,1,1,0
637,2018-09-29,2018,9,29,7,0,0,0
638,2018-09-30,2018,9,30,1,0,0,0
639,2018-10-01,2018,10,1,2,1,1,0
640,2018-10-02,2018,10,2,3,1,1,0
641,2018-10-03,2018,10,3,4,1,1,0
642,2018-10-04,2018,10,4,5,1,1,0
643,2018-10-05,2018,10,5,6,1,1,0
644,2018-10-06,2018,10,6,7,0,0,0
645,2018-10-07,2018,10,7,1,0,0,0
646,2018-10-08,2018,10,8,2,1,1,0
647,2018-10-09,2018,10,9,3,1,1,0
648,2018-10-10,2018,10,10,4,1,1,0
649,2018-10-11,2018,10,11,5,1,1,0
650,2018-10-12,2018,10,12,6,1,1,0
651,2018-10-13,2018,10,13,7,0,0,0
652,2018-10-14,2018,10,14,1,0,0,0
653,2018-10-15,2018,10,15,2,1,1,0
654,2018-10-16,2018,10,16,3,1,1,0
655,2018-10-17,2018,10,17,4,1,1,0
656,2018-10-18,2018,10,18,5,1,1,0
657,2018-10-19,2018,10,19,6,1,1,0
658,2018-10-20,2018,10,20,7,0,0,0
659,2018-10-21,2018,10,21,1,0,0,0
660,2018-10-22,2018,10,22,2,1,1,0
661,2018-10-23,2018,10,23,3,1,1,0
662,2018-10-24,2018,10,24,4,1,1,0
663,2018-10-25,2018,10,25,5,1,1,0
664,2018-10-26,2018,10,26,6,1,1,0
665,2018-10-27,2018,10,27,7,0,0,0
666,2018-10-28,2018,10,28,1,0,0,0
667,2018-10-29,2018,10,29,2,1,1,0
668,2018-10-30,2018,10,30,3,1,1,0
669,2018-10-31,2018,10,31,4,1,1,0
670,2018-11-01,2018,11,1,5,1,1,0
671,2018-11-02,2018,11,2,6,1,1,0
672,2018-11-03,2018,11,3,7,0,0,0
673,2018-11-04,2018,11,4,1,0,0,0
674,2018-11-05,2018,11,5,2,1,1,0
675,2018-11-06,2018,11,6,3,1,1,0
676,2018-11-07,2018,11,7,4,1,1,0
677,2018-11-08,2018,11,8,5,1,1,0
678,2018-11-09,2018,11,9,6,1,1,0
679,2018-11-10,2018,11,10,7,0,0,0
680,2018-11-11,2018,11,11,1,0,0,0
681,2018-11-12,2018,11,12,2,1,1,0
682,2018-11-13,2018,11,13,3,1,1,0
683,2018-11-14,2018,11,14,4,1,1,0
684,2018-11-15,2018,11,15,5,1,1,0
685,2018-11-16,2018,11,16,6,1,1,0
686,2018-11-17,2018,11,17,7,0,0,0
687,2018-11-18,2018,11,18,1,0,0,0
688,2018-11-19,2018,11,19,2,1,1,0
689,2018-11-20,2018,11,20,3,1,1,0
690,2018-11-21,2018,11,21,4,1,1,0
691,2018-11-22,2018,11,22,5,1,0,1
692,2018-11-23,2018,11,23,6,1,0,0
693,2018-11-24,2018,11,24,7,0,0,0
694,2018-11-25,2018,11,25,1,0,0,0
695,2018-11-26,2018,11,26,2,1,1,0
696,2018-11-27,2018,11,27,3,1,1,0
697,2018-11-28,2018,11,28,4,1,1,0
698,2018-11-29,2018,11,29,5,1,1,0
699,2018-11-30,2018,11,30,6,1,1,0
700,2018-12-01,2018,12,1,7,0,0,0
701,2018-12-02,2018,12,2,1,0,0,0
702,2018-12-03,2018,12,3,2,1,1,0
703,2018-12-04,2018,12,4,3,1,1,0
704,2018-12-05,2018,12,5,4,1,1,0
705,2018-12-06,2018,12,6,5,1,1,0
706,2018-12-07,2018,12,7,6,1,1,0
707,2018-12-08,2018,12,8,7,0,0,0
708,2018-12-09,2018,12,9,1,0,0,0
709,2018-12-10,2018,12,10,2,1,1,0
710,2018-12-11,2018,12,11,3,1,1,0
711,2018-12-12,2018,12,12,4,1,1,0
712,2018-12-13,2018,12,13,5,1,1,0
713,2018-12-14,2018,12,14,6,1,1,0
714,2018-12-15,2018,12,15,7,0,0,0
715,2018-12-16,2018,12,16,1,0,0,0
716,2018-12-17,2018,12,17,2,1,1,0
717,2018-12-18,2018,12,18,3,1,1,0
718,2018-12-19,2018,12,19,4,1,1,0
719,2018-12-20,2018,12,20,5,1,1,0
720,2018-12-21,2018,12,21,6,1,1,0
721,2018-12-22,2018,12,22,7,0,0,0
722,2018-12-23,2018,12,23,1,0,0,0
723,2018-12-24,2018,12,24,2,1,0,0
724,2018-12-25,2018,12,25,3,1,0,1
725,2018-12-26,2018,12,26,4,1,1,0
726,2018-12-27,2018,12,27,5,1,1,0
727,2018-12-28,2018,12,28,6,1,1,0
728,2018-12-29,2018,12,29,7,0,0,0
729,2018-12-30,2018,12,30,1,0,0,0
730,2018-12-31,2018,12,31,2,1,1,0
731,2019-01-01,2019,1,1,3,1,0,1
732,2019-01-02,2019,1,2,4,1,1,0
733,2019-01-03,2019,1,3,5,1,1,0
734,2019-01-04,2019,1,4,6,1,1,0
735,2019-01-05,2019,1,5,7,0,0,0
736,2019-01-06,2019,1,6,1,0,0,0
737,2019-01-07,2019,1,7,2,1,1,0
738,2019-01-08,2019,1,8,3,1,1,0
739,2019-01-09,2019,1,9,4,1,1,0
740,2019-01-10,2019,1,10,5,1,1,0
741,2019-01-11,2019,1,11,6,1,1,0
742,2019-01-12,2019,1,12,7,0,0,0
743,2019-01-13,2019,1,13,1,0,0,0
744,2019-01-14,2019,1,14,2,1,1,0
745,2019-01-15,2019,1,15,3,1,1,0
746,2019-01-16,2019,1,16,4,1,1,0
747,2019-01-17,2019,1,17,5,1,1,0
748,2019-01-18,2019,1,18,6,1,1,0
749,2019-01-19,2019,1,19,7,0,0,0
750,2019-01-20,2019,1,20,1,0,0,0
751,2019-01-21,2019,1,21,2,1,1,0
752,2019-01-22,2019,1,22,3,1,1,0
753,2019-01-23,2019,1,23,4,1,1,0
754,2019-01-24,2019,1,24,5,1,1,0
755,2019-01-25,2019,1,25,6,1,1,0
756,2019-01-26,2019,1,26,7,0,0,0
757,2019-01-27,2019,1,27,1,0,0,0
758,2019-01-28,2019,1,28,2,1,1,0
759,2019-01-29,2019,1,29,3,1,1,0
760,2019-01-30,2019,1,30,4,1,1,0
761,2019-01-31,2019,1,31,5,1,1,0
762,2019-02-01,2019,2,1,6,1,1,0
763,2019-02-02,2019,2,2,7,0,0,0
764,2019-02-03,2019,2,3,1,0,0,0
765,2019-02-04,2019,2,4,2,1,1,0
766,2019-02-05,2019,2,5,3,1,1,0
767,2019-02-06,2019,2,6,4,1,1,0
768,2019-02-07,2019,2,7,5,1,1,0
769,2019-02-08,2019,2,8,6,1,1,0
770,2019-02-09,2019,2,9,7,0,0,0
771,2019-02-10,2019,2,10,1,0,0,0
772,2019-02-11,2019,2,11,2,1,1,0
773,2019-02-12,2019,2,12,3,1,1,0
774,2019-02-13,2019,2,13,4,1,1,0
775,2019-02-14,2019,2,14,5,1,1,0
776,2019-02-15,2019,2,15,6,1,1,0
777,2019-02-16,2019,2,16,7,0,0,0
778,2019-02-17,2019,2,17,1,0,0,0
779,2019-02-18,2019,2,18,2,1,1,0
780,2019-02-19,2019,2,19,3,1,1,0
781,2019-02-20,2019,2,20,4,1,1,0
782,2019-02-21,2019,2,21,5,1,1,0
783,2019-02-22,2019,2,22,6,1,1,0
784,2019-02-23,2019,2,23,7,0,0,0
785,2019-02-24,2019,2,24,1,0,0,0
786,2019-02-25,2019,2,25,2,1,1,0
787,2019-02-26,2019,2,26,3,1,1,0
788,2019-02-27,2019,2,27,4,1,1,0
789,2019-02-28,2019,2,28,5,1,1,0
790,2019-03-01,2019,3,1,6,1,1,0
791,2019-03-02,2019,3,2,7,0,0,0
792,2019-03-03,2019,3,3,1,0,0,0
793,2019-03-04,2019,3,4,2,1,1,0
794,2019-03-05,2019,3,5,3,1,1,0
795,2019-03-06,2019,3,6,4,1,1,0
796,2019-03-07,2019,3,7,5,1,1,0
797,2019-03-08,2019,3,8,6,1,1,0
798,2019-03-09,2019,3,9,7,0,0,0
799,2019-03-10,2019,3,10,1,0,0,0
800,2019-03-11,2019,3,11,2,1,1,0
801,2019-03-12,2019,3,12,3,1,1,0
802,2019-03-13,2019,3,13,4,1,1,0
803,2019-03-14,2019,3,14,5,1,1,0
804,2019-03-15,2019,3,15,6,1,1,0
805,2019-03-16,2019,3,16,7,0,0,0
806,2019-03-17,2019,3,17,1,0,0,0
807,2019-03-18,2019,3,18,2,1,1,0
808,2019-03-19,2019,3,19,3,1,1,0
809,2019-03-20,2019,3,20,4,1,1,0
810,2019-03-21,2019,3,21,5,1,1,0
811,2019-03-22,2019,3,22,6,1,1,0
812,2019-03-23,2019,3,23,7,0,0,0
813,2019-03-24,2019,3,24,1,0,0,0
814,2019-03-25,2019,3,25,2,1,1,0
815,2019-03-26,2019,3,26,3,1,1,0
816,2019-03-27,2019,3,27,4,1,1,0
817,2019-03-28,2019,3,28,5,1,1,0
818,2019-03-29,2019,3,29,6,1,1,0
819,2019-03-30,2019,3,30,7,0,0,0
820,2019-03-31,2019,3,31,1,0,0,0
821,2019-04-01,2019,4,1,2,1,1,0
822,2019-04-02,2019,4,2,3,1,1,0
823,2019-04-03,2019,4,3,4,1,1,0
824,2019-04-04,2019,4,4,5,1,1,0
825,2019-04-05,2019,4,5,6,1,1,0
826,2019-04-06,2019,4,6,7,0,0,0
827,2019-04-07,2019,4,7,1,0,0,0
828,2019-04-08,2019,4,8,2,1,1,0
829,2019-04-09,2019,4,9,3,1,1,0
830,2019-04-10,2019,4,10,4,1,1,0
831,2019-04-11,2019,4,11,5,1,1,0
832,2019-04-12,2019,4,12,6,1,1,0
833,2019-04-13,2019,4,13,7,0,0,0
834,2019-04-14,2019,4,14,1,0,0,0
835,2019-04-15,2019,4,15,2,1,1,0
836,2019-04-16,2019,4,16,3,1,1,0
837,2019-04-17,2019,4,17,4,1,1,0
838,2019-04-18,2019,4,18,5,1,1,0
839,2019-04-19,2019,4,19,6,1,1,0
840,2019-04-20,2019,4,20,7,0,0,0
841,2019-04-21,2019,4,21,1,0,0,0
842,2019-04-22,2019,4,22,2,1,1,0
843,2019-04-23,2019,4,23,3,1,1,0
844,2019-04-24,2019,4,24,4,1,1,0
845,2019-04-25,2019,4,25,5,1,1,0
846,2019-04-26,2019,4,26,6,1,1,0
847,2019-04-27,2019,4,27,7,0,0,0
848,2019-04-28,2019,4,28,1,0,0,0
849,2019-04-29,2019,4,29,2,1,1,0
850,2019-04-30,2019,4,30,3,1,1,0
851,2019-05-01,2019,5,1,4,1,1,0
852,2019-05-02,2019,5,2,5,1,1,0
853,2019-05-03,2019,5,3,6,1,1,0
854,2019-05-04,2019,5,4,7,0,0,0
855,2019-05-05,2019,5,5,1,0,0,0
856,2019-05-06,2019,5,6,2,1,1,0
857,2019-05-07,2019,5,7,3,1,1,0
858,2019-05-08,2019,5,8,4,1,1,0
859,2019-05-09,2019,5,9,5,1,1,0
860,2019-05-10,2019,5,10,6,1,1,0
861,2019-05-11,2019,5,11,7,0,0,0
862,2019-05-12,2019,5,12,1,0,0,0
863,2019-05-13,2019,5,13,2,1,1,0
864,2019-05-14,2019,5,14,3,1,1,0
865,2019-05-15,2019,5,15,4,1,1,0
866,2019-05-16,2019,5,16,5,1,1,0
867,2019-05-17,2019,5,17,6,1,1,0
868,2019-05-18,2019,5,18,7,0,0,0
869,2019-05-19,2019,5,19,1,0,0,0
870,2019-05-20,2019,5,20,2,1,1,0
871,2019-05-21,2019,5,21,3,1,1,0
872,2019-05-22,2019,5,22,4,1,1,0
873,2019-05-23,2019,5,23,5,1,1,0
874,2019-05-24,2019,5,24,6,1,1,0
875,2019-05-25,2019,5,25,7,0,0,0
876,2019-05-26,2019,5,26,1,0,0,0
877,2019-05-27,2019,5,27,2,1,0,1
878,2019-05-28,2019,5,28,3,1,1,0
879,2019-05-29,2019,5,29,4,1,1,0
880,2019-05-30,2019,5,30,5,1,1,0
881,2019-05-31,2019,5,31,6,1,1,0
882,2019-06-01,2019,6,1,7,0,0,0
883,2019-06-02,2019,6,2,1,0,0,0
884,2019-06-03,2019,6,3,2,1,1,0
885,2019-06-04,2019,6,4,3,1,1,0
886,2019-06-05,2019,6,5,4,1,1,0
887,2019-06-06,2019,6,6,5,1,1,0
888,2019-06-07,2019,6,7,6,1,1,0
889,2019-06-08,2019,6,8,7,0,0,0
890,2019-06-09,2019,6,9,1,0,0,0
891,2019-06-10,2019,6,10,2,1,1,0
892,2019-06-11,2019,6,11,3,1,1,0
893,2019-06-12,2019,6,12,4,1,1,0
894,2019-06-13,2019,6,13,5,1,1,0
895,2019-06-14,2019,6,14,6,1,1,0
896,2019-06-15,2019,6,15,7,0,0,0
897,2019-06-16,2019,6,16,1,0,0,0
898,2019-06-17,2019,6,17,2,1,1,0
899,2019-06-18,2019,6,18,3,1,1,0
900,2019-06-19,2019,6,19,4,1,1,0
901,2019-06-20,2019,6,20,5,1,1,0
902,2019-06-21,2019,6,21,6,1,1,0
903,2019-06-22,2019,6,22,7,0,0,0
904,2019-06-23,2019,6,23,1,0,0,0
905,2019-06-24,2019,6,24,2,1,1,0
906,2019-06-25,2019,6,25,3,1,1,0
907,2019-06-26,2019,6,26,4,1,1,0
908,2019-06-27,2019,6,27,5,1,1,0
909,2019-06-28,2019,6,28,6,1,1,0
910,2019-06-29,2019,6,29,7,0,0,0
911,2019-06-30,2019,6,30,1,0,0,0
912,2019-07-01,2019,7,1,2,1,1,0
913,2019-07-02,2019,7,2,3,1,1,0
914,2019-07-03,2019,7,3,4,1,1,0
915,2019-07-04,2019,7,4,5,1,0,1
916,2019-07-05,2019,7,5,6,1,1,0
917,2019-07-06,2019,7,6,7,0,0,0
918,2019-07-07,2019,7,7,1,0,0,0
919,2019-07-08,2019,7,8,2,1,1,0
920,2019-07-09,2019,7,9,3,1,1,0
921,2019-07-10,2019,7,10,4,1,1,0
922,2019-07-11,2019,7,11,5,1,1,0
923,2019-07-12,2019,7,12,6,1,1,0
924,2019-07-13,2019,7,13,7,0,0,0
925,2019-07-14,2019,7,14,1,0,0,0
926,2019-07-15,2019,7,15,2,1,1,0
927,2019-07-16,2019,7,16,3,1,1,0
928,2019-07-17,2019,7,17,4,1,1,0
929,2019-07-18,2019,7,18,5,1,1,0
930,2019-07-19,2019,7,19,6,1,1,0
931,2019-07-20,2019,7,20,7,0,0,0
932,2019-07-21,2019,7,21,1,0,0,0
933,2019-07-22,2019,7,22,2,1,1,0
934,2019-07-23,2019,7,23,3,1,1,0
935,2019-07-24,2019,7,24,4,1,1,0
936,2019-07-25,2019,7,25,5,1,1,0
937,2019-07-26,2019,7,26,6,1,1,0
938,2019-07-27,2019,7,27,7,0,0,0
939,2019-07-28,2019,7,28,1,0,0,0
940,2019-07-29,2019,7,29,2,1,1,0
941,2019-07-30,2019,7,30,3,1,1,0
942,2019-07-31,2019,7,31,4,1,1,0
943,2019-08-01,2019,8,1,5,1,1,0
944,2019-08-02,2019,8,2,6,1,1,0
945,2019-08-03,2019,8,3,7,0,0,0
946,2019-08-04,2019,8,4,1,0,0,0
947,2019-08-05,2019,8,5,2,1,1,0
948,2019-08-06,2019,8,6,3,1,1,0
949,2019-08-07,2019,8,7,4,1,1,0
950,2019-08-08,2019,8,8,5,1,1,0
951,2019-08-09,2019,8,9,6,1,1,0
952,2019-08-10,2019,8,10,7,0,0,0
953,2019-08-11,2019,8,11,1,0,0,0
954,2019-08-12,2019,8,12,2,1,1,0
955,2019-08-13,2019,8,13,3,1,1,0
956,2019-08-14,2019,8,14,4,1,1,0
957,2019-08-15,2019,8,15,5,1,1,0
958,2019-08-16,2019,8,16,6,1,1,0
959,2019-08-17,2019,8,17,7,0,0,0
960,2019-08-18,2019,8,18,1,0,0,0
961,2019-08-19,2019,8,19,2,1,1,0
962,2019-08-20,2019,8,20,3,1,1,0
963,2019-08-21,2019,8,21,4,1,1,0
964,2019-08-22,2019,8,22,5,1,1,0
965,2019-08-23,2019,8,23,6,1,1,0
966,2019-08-24,2019,8,24,7,0,0,0
967,2019-08-25,2019,8,25,1,0,0,0
968,2019-08-26,2019,8,26,2,1,1,0
969,2019-08-27,2019,8,27,3,1,1,0
970,2019-08-28,2019,8,28,4,1,1,0
971,2019-08-29,2019,8,29,5,1,1,0
972,2019-08-30,2019,8,30,6,1,1,0
973,2019-08-31,2019,8,31,7,0,0,0
974,2019-09-01,2019,9,1,1,0,0,0
975,2019-09-02,2019,9,2,2,1,0,1
976,2019-09-03,2019,9,3,3,1,1,0
977,2019-09-04,2019,9,4,4,1,1,0
978,2019-09-05,2019,9,5,5,1,1,0
979,2019-09-06,2019,9,6,6,1,1,0
980,2019-09-07,2019,9,7,7,0,0,0
981,2019-09-08,2019,9,8,1,0,0,0
982,2019-09-09,2019,9,9,2,1,1,0
983,2019-09-10,2019,9,10,3,1,1,0
984,2019-09-11,2019,9,11,4,1,1,0
985,2019-09-12,2019,9,12,5,1,1,0
986,2019-09-13,2019,9,13,6,1,1,0
987,2019-09-14,2019,9,14,7,0,0,0
988,2019-09-15,2019,9,15,1,0,0,0
989,2019-09-16,2019,9,16,2,1,1,0
990,2019-09-17,2019,9,17,3,1,1,0
991,2019-09-18,2019,9,18,4,1,1,0
992,2019-09-19,2019,9,19,5,1,1,0
993,2019-09-20,2019,9,20,6,1,1,0
994,2019-09-21,2019,9,21,7,0,0,0
995,2019-09-22,2019,9,22,1,0,0,0
996,2019-09-23,2019,9,23,2,1,1,0
997,2019-09-24,2019,9,24,3,1,1,0
998,2019-09-25,2019,9,25,4,1,1,0
999,2019-09-26,2019,9,26,5,1,1,0
1000,2019-09-27,2019,9,27,6,1,1,0
1001,2019-09-28,2019,9,28,7,0,0,0
1002,2019-09-29,2019,9,29,1,0,0,0
1003,2019-09-30,2019,9,30,2,1,1,0
1004,2019-10-01,2019,10,1,3,1,1,0
1005,2019-10-02,2019,10,2,4,1,1,0
1006,2019-10-03,2019,10,3,5,1,1,0
1007,2019-10-04,2019,10,4,6,1,1,0
1008,2019-10-05,2019,10,5,7,0,0,0
1009,2019-10-06,2019,10,6,1,0,0,0
1010,2019-10-07,2019,10,7,2,1,1,0
1011,2019-10-08,2019,10,8,3,1,1,0
1012,2019-10-09,2019,10,9,4,1,1,0
1013,2019-10-10,2019,10,10,5,1,1,0
1014,2019-10-11,2019,10,11,6,1,1,0
1015,2019-10-12,2019,10,12,7,0,0,0
1016,2019-10-13,2019,10,13,1,0,0,0
1017,2019-10-14,2019,10,14,2,1,1,0
1018,2019-10-15,2019,10,15,3,1,1,0
1019,2019-10-16,2019,10,16,4,1,1,0
1020,2019-10-17,2019,10,17,5,1,1,0
1021,2019-10-18,2019,10,18,6,1,1,0
1022,2019-10-19,2019,10,19,7,0,0,0
1023,2019-10-20,2019,10,20,1,0,0,0
1024,2019-10-21,2019,10,21,2,1,1,0
1025,2019-10-22,2019,10,22,3,1,1,0
1026,2019-10-23,2019,10,23,4,1,1,0
1027,2019-10-24,2019,10,24,5,1,1,0
1028,2019-10-25,2019,10,25,6,1,1,0
1029,2019-10-26,2019,10,26,7,0,0,0
1030,2019-10-27,2019,10,27,1,0,0,0
1031,2019-10-28,2019,10,28,2,1,1,0
1032,2019-10-29,2019,10,29,3,1,1,0
1033,2019-10-30,2019,10,30,4,1,1,0
1034,2019-10-31,2019,10,31,5,1,1,0
1035,2019-11-01,2019,11,1,6,1,1,0
1036,2019-11-02,2019,11,2,7,0,0,0
1037,2019-11-03,2019,11,3,1,0,0,0
1038,2019-11-04,2019,11,4,2,1,1,0
1039,2019-11-05,2019,11,5,3,1,1,0
1040,2019-11-06,2019,11,6,4,1,1,0
1041,2019-11-07,2019,11,7,5,1,1,0
1042,2019-11-08,2019,11,8,6,1,1,0
1043,2019-11-09,2019,11,9,7,0,0,0
1044,2019-11-10,2019,11,10,1,0,0,0
1045,2019-11-11,2019,11,11,2,1,1,0
1046,2019-11-12,2019,11,12,3,1,1,0
1047,2019-11-13,2019,11,13,4,1,1,0
1048,2019-11-14,2019,11,14,5,1,1,0
1049,2019-11-15,2019,11,15,6,1,1,0
1050,2019-11-16,2019,11,16,7,0,0,0
1051,2019-11-17,2019,11,17,1,0,0,0
1052,2019-11-18,2019,11,18,2,1,1,0
1053,2019-11-19,2019,11,19,3,1,1,0
1054,2019-11-20,2019,11,20,4,1,1,0
1055,2019-11-21,2019,11,21,5,1,1,0
1056,2019-11-22,2019,11,22,6,1,1,0
1057,2019-11-23,2019,11,23,7,0,0,0
1058,2019-11-24,2019,11,24,1,0,0,0
1059,2019-11-25,2019,11,25,2,1,1,0
1060,2019-11-26,2019,11,26,3,1,1,0
1061,2019-11-27,2019,11,27,4,1,1,0
1062,2019-11-28,2019,11,28,5,1,0,1
1063,2019-11-29,2019,11,29,6,1,0,0
1064,2019-11-30,2019,11,30,7,0,0,0
1065,2019-12-01,2019,12,1,1,0,0,0
1066,2019-12-02,2019,12,2,2,1,1,0
1067,2019-12-03,2019,12,3,3,1,1,0
1068,2019-12-04,2019,12,4,4,1,1,0
1069,2019-12-05,2019,12,5,5,1,1,0
1070,2019-12-06,2019,12,6,6,1,1,0
1071,2019-12-07,2019,12,7,7,0,0,0
1072,2019-12-08,2019,12,8,1,0,0,0
1073,2019-12-09,2019,12,9,2,1,1,0
1074,2019-12-10,2019,12,10,3,1,1,0
1075,2019-12-11,2019,12,11,4,1,1,0
1076,2019-12-12,2019,12,12,5,1,1,0
1077,2019-12-13,2019,12,13,6,1,1,0
1078,2019-12-14,2019,12,14,7,0,0,0
1079,2019-12-15,2019,12,15,1,0,0,0
1080,2019-12-16,2019,12,16,2,1,1,0
1081,2019-12-17,2019,12,17,3,1,1,0
1082,2019-12-18,2019,12,18,4,1,1,0
1083,2019-12-19,2019,12,19,5,1,1,0
1084,2019-12-20,2019,12,20,6,1,1,0
1085,2019-12-21,2019,12,21,7,0,0,0
1086,2019-12-22,2019,12,22,1,0,0,0
1087,2019-12-23,2019,12,23,2,1,1,0
1088,2019-12-24,2019,12,24,3,1,0,0
1089,2019-12-25,2019,12,25,4,1,0,1
1090,2019-12-26,2019,12,26,5,1,1,0
1091,2019-12-27,2019,12,27,6,1,1,0
1092,2019-12-28,2019,12,28,7,0,0,0
1093,2019-12-29,2019,12,29,1,0,0,0
1094,2019-12-30,2019,12,30,2,1,1,0
1095,2019-12-31,2019,12,31,3,1,1,0
1096,2020-01-01,2020,1,1,4,1,0,1
1097,2020-01-02,2020,1,2,5,1,1,0
1098,2020-01-03,2020,1,3,6,1,1,0
1099,2020-01-04,2020,1,4,7,0,0,0
1100,2020-01-05,2020,1,5,1,0,0,0
1101,2020-01-06,2020,1,6,2,1,1,0
1102,2020-01-07,2020,1,7,3,1,1,0
1103,2020-01-08,2020,1,8,4,1,1,0
1104,2020-01-09,2020,1,9,5,1,1,0
1105,2020-01-10,2020,1,10,6,1,1,0
1106,2020-01-11,2020,1,11,7,0,0,0
1107,2020-01-12,2020,1,12,1,0,0,0
1108,2020-01-13,2020,1,13,2,1,1,0
1109,2020-01-14,2020,1,14,3,1,1,0
1110,2020-01-15,2020,1,15,4,1,1,0
1111,2020-01-16,2020,1,16,5,1,1,0
1112,2020-01-17,2020,1,17,6,1,1,0
1113,2020-01-18,2020,1,18,7,0,0,0
1114,2020-01-19,2020,1,19,1,0,0,0
1115,2020-01-20,2020,1,20,2,1,1,0
1116,2020-01-21,2020,1,21,3,1,1,0
1117,2020-01-22,2020,1,22,4,1,1,0
1118,2020-01-23,2020,1,23,5,1,1,0
1119,2020-01-24,2020,1,24,6,1,1,0
1120,2020-01-25,2020,1,25,7,0,0,0
1121,2020-01-26,2020,1,26,1,0,0,0
1122,2020-01-27,2020,1,27,2,1,1,0
1123,2020-01-28,2020,1,28,3,1,1,0
1124,2020-01-29,2020,1,29,4,1,1,0
1125,2020-01-30,2020,1,30,5,1,1,0
1126,2020-01-31,2020,1,31,6,1,1,0
1127,2020-02-01,2020,2,1,7,0,0,0
1128,2020-02-02,2020,2,2,1,0,0,0
1129,2020-02-03,2020,2,3,2,1,1,0
1130,2020-02-04,2020,2,4,3,1,1,0
1131,2020-02-05,2020,2,5,4,1,1,0
1132,2020-02-06,2020,2,6,5,1,1,0
1133,2020-02-07,2020,2,7,6,1,1,0
1134,2020-02-08,2020,2,8,7,0,0,0
1135,2020-02-09,2020,2,9,1,0,0,0
1136,2020-02-10,2020,2,10,2,1,1,0
1137,2020-02-11,2020,2,11,3,1,1,0
1138,2020-02-12,2020,2,12,4,1,1,0
1139,2020-02-13,2020,2,13,5,1,1,0
1140,2020-02-14,2020,2,14,6,1,1,0
1141,2020-02-15,2020,2,15,7,0,0,0
1142,2020-02-16,2020,2,16,1,0,0,0
1143,2020-02-17,2020,2,17,2,1,1,0
1144,2020-02-18,2020,2,18,3,1,1,0
1145,2020-02-19,2020,2,19,4,1,1,0
1146,2020-02-20,2020,2,20,5,1,1,0
1147,2020-02-21,2020,2,21,6,1,1,0
1148,2020-02-22,2020,2,22,7,0,0,0
1149,2020-02-23,2020,2,23,1,0,0,0
1150,2020-02-24,2020,2,24,2,1,1,0
1151,2020-02-25,2020,2,25,3,1,1,0
1152,2020-02-26,2020,2,26,4,1,1,0
1153,2020-02-27,2020,2,27,5,1,1,0
1154,2020-02-28,2020,2,28,6,1,1,0
1155,2020-02-29,2020,2,29,7,0,0,0
1156,2020-03-01,2020,3,1,1,0,0,0
1157,2020-03-02,2020,3,2,2,1,1,0
1158,2020-03-03,2020,3,3,3,1,1,0
1159,2020-03-04,2020,3,4,4,1,1,0
1160,2020-03-05,2020,3,5,5,1,1,0
1161,2020-03-06,2020,3,6,6,1,1,0
1162,2020-03-07,2020,3,7,7,0,0,0
1163,2020-03-08,2020,3,8,1,0,0,0
1164,2020-03-09,2020,3,9,2,1,1,0
1165,2020-03-10,2020,3,10,3,1,1,0
1166,2020-03-11,2020,3,11,4,1,1,0
1167,2020-03-12,2020,3,12,5,1,1,0
1168,2020-03-13,2020,3,13,6,1,1,0
1169,2020-03-14,2020,3,14,7,0,0,0
1170,2020-03-15,2020,3,15,1,0,0,0
1171,2020-03-16,2020,3,16,2,1,1,0
1172,2020-03-17,2020,3,17,3,1,1,0
1173,2020-03-18,2020,3,18,4,1,1,0
1174,2020-03-19,2020,3,19,5,1,1,0
1175,2020-03-20,2020,3,20,6,1,1,0
1176,2020-03-21,2020,3,21,7,0,0,0
1177,2020-03-22,2020,3,22,1,0,0,0
1178,2020-03-23,2020,3,23,2,1,1,0
1179,2020-03-24,2020,3,24,3,1,1,0
1180,2020-03-25,2020,3,25,4,1,1,0
1181,2020-03-26,2020,3,26,5,1,1,0
1182,2020-03-27,2020,3,27,6,1,1,0
1183,2020-03-28,2020,3,28,7,0,0,0
1184,2020-03-29,2020,3,29,1,0,0,0
1185,2020-03-30,2020,3,30,2,1,1,0
1186,2020-03-31,2020,3,31,3,1,1,0
1187,2020-04-01,2020,4,1,4,1,1,0
1188,2020-04-02,2020,4,2,5,1,1,0
1189,2020-04-03,2020,4,3,6,1,1,0
1190,2020-04-04,2020,4,4,7,0,0,0
1191,2020-04-05,2020,4,5,1,0,0,0
1192,2020-04-06,2020,4,6,2,1,1,0
1193,2020-04-07,2020,4,7,3,1,1,0
1194,2020-04-08,2020,4,8,4,1,1,0
1195,2020-04-09,2020,4,9,5,1,1,0
1196,2020-04-10,2020,4,10,6,1,1,0
1197,2020-04-11,2020,4,11,7,0,0,0
1198,2020-04-12,2020,4,12,1,0,0,0
1199,2020-04-13,2020,4,13,2,1,1,0
1200,2020-04-14,2020,4,14,3,1,1,0
1201,2020-04-15,2020,4,15,4,1,1,0
1202,2020-04-16,2020,4,16,5,1,1,0
1203,2020-04-17,2020,4,17,6,1,1,0
1204,2020-04-18,2020,4,18,7,0,0,0
1205,2020-04-19,2020,4,19,1,0,0,0
1206,2020-04-20,2020,4,20,2,1,1,0
1207,2020-04-21,2020,4,21,3,1,1,0
1208,2020-04-22,2020,4,22,4,1,1,0
1209,2020-04-23,2020,4,23,5,1,1,0
1210,2020-04-24,2020,4,24,6,1,1,0
1211,2020-04-25,2020,4,25,7,0,0,0
1212,2020-04-26,2020,4,26,1,0,0,0
1213,2020-04-27,2020,4,27,2,1,1,0
1214,2020-04-28,2020,4,28,3,1,1,0
1215,2020-04-29,2020,4,29,4,1,1,0
1216,2020-04-30,2020,4,30,5,1,1,0
1217,2020-05-01,2020,5,1,6,1,1,0
1218,2020-05-02,2020,5,2,7,0,0,0
1219,2020-05-03,2020,5,3,1,0,0,0
1220,2020-05-04,2020,5,4,2,1,1,0
1221,2020-05-05,2020,5,5,3,1,1,0
1222,2020-05-06,2020,5,6,4,1,1,0
1223,2020-05-07,2020,5,7,5,1,1,0
1224,2020-05-08,2020,5,8,6,1,1,0
1225,2020-05-09,2020,5,9,7,0,0,0
1226,2020-05-10,2020,5,10,1,0,0,0
1227,2020-05-11,2020,5,11,2,1,1,0
1228,2020-05-12,2020,5,12,3,1,1,0
1229,2020-05-13,2020,5,13,4,1,1,0
1230,2020-05-14,2020,5,14,5,1,1,0
1231,2020-05-15,2020,5,15,6,1,1,0
1232,2020-05-16,2020,5,16,7,0,0,0
1233,2020-05-17,2020,5,17,1,0,0,0
1234,2020-05-18,2020,5,18,2,1,1,0
1235,2020-05-19,2020,5,19,3,1,1,0
1236,2020-05-20,2020,5,20,4,1,1,0
1237,2020-05-21,2020,5,21,5,1,1,0
1238,2020-05-22,2020,5,22,6,1,1,0
1239,2020-05-23,2020,5,23,7,0,0,0
1240,2020-05-24,2020,5,24,1,0,0,0
1241,2020-05-25,2020,5,25,2,1,0,1
1242,2020-05-26,2020,5,26,3,1,1,0
1243,2020-05-27,2020,5,27,4,1,1,0
1244,2020-05-28,2020,5,28,5,1,1,0
1245,2020-05-29,2020,5,29,6,1,1,0
1246,2020-05-30,2020,5,30,7,0,0,0
1247,2020-05-31,2020,5,31,1,0,0,0
1248,2020-06-01,2020,6,1,2,1,1,0
1249,2020-06-02,2020,6,2,3,1,1,0
1250,2020-06-03,2020,6,3,4,1,1,0
1251,2020-06-04,2020,6,4,5,1,1,0
1252,2020-06-05,2020,6,5,6,1,1,0
1253,2020-06-06,2020,6,6,7,0,0,0
1254,2020-06-07,2020,6,7,1,0,0,0
1255,2020-06-08,2020,6,8,2,1,1,0
1256,2020-06-09,2020,6,9,3,1,1,0
1257,2020-06-10,2020,6,10,4,1,1,0
1258,2020-06-11,2020,6,11,5,1,1,0
1259,2020-06-12,2020,6,12,6,1,1,0
1260,2020-06-13,2020,6,13,7,0,0,0
1261,2020-06-14,2020,6,14,1,0,0,0
1262,2020-06-15,2020,6,15,2,1,1,0
1263,2020-06-16,2020,6,16,3,1,1,0
1264,2020-06-17,2020,6,17,4,1,1,0
1265,2020-06-18,2020,6,18,5,1,1,0
1266,2020-06-19,2020,6,19,6,1,1,0
1267,2020-06-20,2020,6,20,7,0,0,0
1268,2020-06-21,2020,6,21,1,0,0,0
1269,2020-06-22,2020,6,22,2,1,1,0
1270,2020-06-23,2020,6,23,3,1,1,0
1271,2020-06-24,2020,6,24,4,1,1,0
1272,2020-06-25,2020,6,25,5,1,1,0
1273,2020-06-26,2020,6,26,6,1,1,0
1274,2020-06-27,2020,6,27,7,0,0,0
1275,2020-06-28,2020,6,28,1,0,0,0
1276,2020-06-29,2020,6,29,2,1,1,0
1277,2020-06-30,2020,6,30,3,1,1,0
1278,2020-07-01,2020,7,1,4,1,1,0
1279,2020-07-02,2020,7,2,5,1,1,0
1280,2020-07-03,2020,7,3,6,1,0,0
1281,2020-07-04,2020,7,4,7,0,0,1
1282,2020-07-05,2020,7,5,1,0,0,0
1283,2020-07-06,2020,7,6,2,1,1,0
1284,2020-07-07,2020,7,7,3,1,1,0
1285,2020-07-08,2020,7,8,4,1,1,0
1286,2020-07-09,2020,7,9,5,1,1,0
1287,2020-07-10,2020,7,10,6,1,1,0
1288,2020-07-11,2020,7,11,7,0,0,0
1289,2020-07-12,2020,7,12,1,0,0,0
1290,2020-07-13,2020,7,13,2,1,1,0
1291,2020-07-14,2020,7,14,3,1,1,0
1292,2020-07-15,2020,7,15,4,1,1,0
1293,2020-07-16,2020,7,16,5,1,1,0
1294,2020-07-17,2020,7,17,6,1,1,0
1295,2020-07-18,2020,7,18,7,0,0,0
1296,2020-07-19,2020,7,19,1,0,0,0
1297,2020-07-20,2020,7,20,2,1,1,0
1298,2020-07-21,2020,7,21,3,1,1,0
1299,2020-07-22,2020,7,22,4,1,1,0
1300,2020-07-23,2020,7,23,5,1,1,0
1301,2020-07-24,2020,7,24,6,1,1,0
1302,2020-07-25,2020,7,25,7,0,0,0
1303,2020-07-26,2020,7,26,1,0,0,0
1304,2020-07-27,2020,7,27,2,1,1,0
1305,2020-07-28,2020,7,28,3,1,1,0
1306,2020-07-29,2020,7,29,4,1,1,0
1307,2020-07-30,2020,7,30,5,1,1,0
1308,2020-07-31,2020,7,31,6,1,1,0
1309,2020-08-01,2020,8,1,7,0,0,0
1310,2020-08-02,2020,8,2,1,0,0,0
1311,2020-08-03,2020,8,3,2,1,1,0
1312,2020-08-04,2020,8,4,3,1,1,0
1313,2020-08-05,2020,8,5,4,1,1,0
1314,2020-08-06,2020,8,6,5,1,1,0
1315,2020-08-07,2020,8,7,6,1,1,0
1316,2020-08-08,2020,8,8,7,0,0,0
1317,2020-08-09,2020,8,9,1,0,0,0
1318,2020-08-10,2020,8,10,2,1,1,0
1319,2020-08-11,2020,8,11,3,1,1,0
1320,2020-08-12,2020,8,12,4,1,1,0
1321,2020-08-13,2020,8,13,5,1,1,0
1322,2020-08-14,2020,8,14,6,1,1,0
1323,2020-08-15,2020,8,15,7,0,0,0
1324,2020-08-16,2020,8,16,1,0,0,0
1325,2020-08-17,2020,8,17,2,1,1,0
1326,2020-08-18,2020,8,18,3,1,1,0
1327,2020-08-19,2020,8,19,4,1,1,0
1328,2020-08-20,2020,8,20,5,1,1,0
1329,2020-08-21,2020,8,21,6,1,1,0
1330,2020-08-22,2020,8,22,7,0,0,0
1331,2020-08-23,2020,8,23,1,0,0,0
1332,2020-08-24,2020,8,24,2,1,1,0
1333,2020-08-25,2020,8,25,3,1,1,0
1334,2020-08-26,2020,8,26,4,1,1,0
1335,2020-08-27,2020,8,27,5,1,1,0
1336,2020-08-28,2020,8,28,6,1,1,0
1337,2020-08-29,2020,8,29,7,0,0,0
1338,2020-08-30,2020,8,30,1,0,0,0
1339,2020-08-31,2020,8,31,2,1,1,0
1340,2020-09-01,2020,9,1,3,1,1,0
1341,2020-09-02,2020,9,2,4,1,1,0
1342,2020-09-03,2020,9,3,5,1,1,0
1343,2020-09-04,2020,9,4,6,1,1,0
1344,2020-09-05,2020,9,5,7,0,0,0
1345,2020-09-06,2020,9,6,1,0,0,0
1346,2020-09-07,2020,9,7,2,1,0,1
1347,2020-09-08,2020,9,8,3,1,1,0
1348,2020-09-09,2020,9,9,4,1,1,0
1349,2020-09-10,2020,9,10,5,1,1,0
1350,2020-09-11,2020,9,11,6,1,1,0
1351,2020-09-12,2020,9,12,7,0,0,0
1352,2020-09-13,2020,9,13,1,0,0,0
1353,2020-09-14,2020,9,14,2,1,1,0
1354,2020-09-15,2020,9,15,3,1,1,0
1355,2020-09-16,2020,9,16,4,1,1,0
1356,2020-09-17,2020,9,17,5,1,1,0
1357,2020-09-18,2020,9,18,6,1,1,0
1358,2020-09-19,2020,9,19,7,0,0,0
1359,2020-09-20,2020,9,20,1,0,0,0
1360,2020-09-21,2020,9,21,2,1,1,0
1361,2020-09-22,2020,9,22,3,1,1,0
1362,2020-09-23,2020,9,23,4,1,1,0
1363,2020-09-24,2020,9,24,5,1,1,0
1364,2020-09-25,2020,9,25,6,1,1,0
1365,2020-09-26,2020,9,26,7,0,0,0
1366,2020-09-27,2020,9,27,1,0,0,0
1367,2020-09-28,2020,9,28,2,1,1,0
1368,2020-09-29,2020,9,29,3,1,1,0
1369,2020-09-30,2020,9,30,4,1,1,0
1370,2020-10-01,2020,10,1,5,1,1,0
1371,2020-10-02,2020,10,2,6,1,1,0
1372,2020-10-03,2020,10,3,7,0,0,0
1373,2020-10-04,2020,10,4,1,0,0,0
1374,2020-10-05,2020,10,5,2,1,1,0
1375,2020-10-06,2020,10,6,3,1,1,0
1376,2020-10-07,2020,10,7,4,1,1,0
1377,2020-10-08,2020,10,8,5,1,1,0
1378,2020-10-09,2020,10,9,6,1,1,0
1379,2020-10-10,2020,10,10,7,0,0,0
1380,2020-10-11,2020,10,11,1,0,0,0
1381,2020-10-12,2020,10,12,2,1,1,0
1382,2020-10-13,2020,10,13,3,1,1,0
1383,2020-10-14,2020,10,14,4,1,1,0
1384,2020-10-15,2020,10,15,5,1,1,0
1385,2020-10-16,2020,10,16,6,1,1,0
1386,2020-10-17,2020,10,17,7,0,0,0
1387,2020-10-18,2020,10,18,1,0,0,0
1388,2020-10-19,2020,10,19,2,1,1,0
1389,2020-10-20,2020,10,20,3,1,1,0
1390,2020-10-21,2020,10,21,4,1,1,0
1391,2020-10-22,2020,10,22,5,1,1,0
1392,2020-10-23,2020,10,23,6,1,1,0
1393,2020-10-24,2020,10,24,7,0,0,0
1394,2020-10-25,2020,10,25,1,0,0,0
1395,2020-10-26,2020,10,26,2,1,1,0
1396,2020-10-27,2020,10,27,3,1,1,0
1397,2020-10-28,2020,10,28,4,1,1,0
1398,2020-10-29,2020,10,29,5,1,1,0
1399,2020-10-30,2020,10,30,6,1,1,0
1400,2020-10-31,2020,10,31,7,0,0,0
1401,2020-11-01,2020,11,1,1,0,0,0
1402,2020-11-02,2020,11,2,2,1,1,0
1403,2020-11-03,2020,11,3,3,1,1,0
1404,2020-11-04,2020,11,4,4,1,1,0
1405,2020-11-05,2020,11,5,5,1,1,0
1406,2020-11-06,2020,11,6,6,1,1,0
1407,2020-11-07,2020,11,7,7,0,0,0
1408,2020-11-08,2020,11,8,1,0,0,0
1409,2020-11-09,2020,11,9,2,1,1,0
1410,2020-11-10,2020,11,10,3,1,1,0
1411,2020-11-11,2020,11,11,4,1,1,0
1412,2020-11-12,2020,11,12,5,1,1,0
1413,2020-11-13,2020,11,13,6,1,1,0
1414,2020-11-14,2020,11,14,7,0,0,0
1415,2020-11-15,2020,11,15,1,0,0,0
1416,2020-11-16,2020,11,16,2,1,1,0
1417,2020-11-17,2020,11,17,3,1,1,0
1418,2020-11-18,2020,11,18,4,1,1,0
1419,2020-11-19,2020,11,19,5,1,1,0
1420,2020-11-20,2020,11,20,6,1,1,0
1421,2020-11-21,2020,11,21,7,0,0,0
1422,2020-11-22,2020,11,22,1,0,0,0
1423,2020-11-23,2020,11,23,2,1,1,0
1424,2020-11-24,2020,11,24,3,1,1,0
1425,2020-11-25,2020,11,25,4,1,1,0
1426,2020-11-26,2020,11,26,5,1,0,1
1427,2020-11-27,2020,11,27,6,1,0,0
1428,2020-11-28,2020,11,28,7,0,0,0
1429,2020-11-29,2020,11,29,1,0,0,0
1430,2020-11-30,2020,11,30,2,1,1,0
1431,2020-12-01,2020,12,1,3,1,1,0
1432,2020-12-02,2020,12,2,4,1,1,0
1433,2020-12-03,2020,12,3,5,1,1,0
1434,2020-12-04,2020,12,4,6,1,1,0
1435,2020-12-05,2020,12,5,7,0,0,0
1436,2020-12-06,2020,12,6,1,0,0,0
1437,2020-12-07,2020,12,7,2,1,1,0
1438,2020-12-08,2020,12,8,3,1,1,0
1439,2020-12-09,2020,12,9,4,1,1,0
1440,2020-12-10,2020,12,10,5,1,1,0
1441,2020-12-11,2020,12,11,6,1,1,0
1442,2020-12-12,2020,12,12,7,0,0,0
1443,2020-12-13,2020,12,13,1,0,0,0
1444,2020-12-14,2020,12,14,2,1,1,0
1445,2020-12-15,2020,12,15,3,1,1,0
1446,2020-12-16,2020,12,16,4,1,1,0
1447,2020-12-17,2020,12,17,5,1,1,0
1448,2020-12-18,2020,12,18,6,1,1,0
1449,2020-12-19,2020,12,19,7,0,0,0
1450,2020-12-20,2020,12,20,1,0,0,0
1451,2020-12-21,2020,12,21,2,1,1,0
1452,2020-12-22,2020,12,22,3,1,1,0
1453,2020-12-23,2020,12,23,4,1,1,0
1454,2020-12-24,2020,12,24,5,1,0,0
1455,2020-12-25,2020,12,25,6,1,0,1
1456,2020-12-26,2020,12,26,7,0,0,0
1457,2020-12-27,2020,12,27,1,0,0,0
1458,2020-12-28,2020,12,28,2,1,1,0
1459,2020-12-29,2020,12,29,3,1,1,0
1460,2020-12-30,2020,12,30,4,1,1,0
1461,2020-12-31,2020,12,31,5,1,1,0
1462,2021-01-01,2021,1,1,6,1,0,1
1463,2021-01-02,2021,1,2,7,0,0,0
1464,2021-01-03,2021,1,3,1,0,0,0
1465,2021-01-04,2021,1,4,2,1,1,0
1466,2021-01-05,2021,1,5,3,1,1,0
1467,2021-01-06,2021,1,6,4,1,1,0
1468,2021-01-07,2021,1,7,5,1,1,0
1469,2021-01-08,2021,1,8,6,1,1,0
1470,2021-01-09,2021,1,9,7,0,0,0
1471,2021-01-10,2021,1,10,1,0,0,0
1472,2021-01-11,2021,1,11,2,1,1,0
1473,2021-01-12,2021,1,12,3,1,1,0
1474,2021-01-13,2021,1,13,4,1,1,0
1475,2021-01-14,2021,1,14,5,1,1,0
1476,2021-01-15,2021,1,15,6,1,1,0
1477,2021-01-16,2021,1,16,7,0,0,0
1478,2021-01-17,2021,1,17,1,0,0,0
1479,2021-01-18,2021,1,18,2,1,1,0
1480,2021-01-19,2021,1,19,3,1,1,0
1481,2021-01-20,2021,1,20,4,1,1,0
1482,2021-01-21,2021,1,21,5,1,1,0
1483,2021-01-22,2021,1,22,6,1,1,0
1484,2021-01-23,2021,1,23,7,0,0,0
1485,2021-01-24,2021,1,24,1,0,0,0
1486,2021-01-25,2021,1,25,2,1,1,0
1487,2021-01-26,2021,1,26,3,1,1,0
1488,2021-01-27,2021,1,27,4,1,1,0
1489,2021-01-28,2021,1,28,5,1,1,0
1490,2021-01-29,2021,1,29,6,1,1,0
1491,2021-01-30,2021,1,30,7,0,0,0
1492,2021-01-31,2021,1,31,1,0,0,0
1493,2021-02-01,2021,2,1,2,1,1,0
1494,2021-02-02,2021,2,2,3,1,1,0
1495,2021-02-03,2021,2,3,4,1,1,0
1496,2021-02-04,2021,2,4,5,1,1,0
1497,2021-02-05,2021,2,5,6,1,1,0
1498,2021-02-06,2021,2,6,7,0,0,0
1499,2021-02-07,2021,2,7,1,0,0,0
1500,2021-02-08,2021,2,8,2,1,1,0
1501,2021-02-09,2021,2,9,3,1,1,0
1502,2021-02-10,2021,2,10,4,1,1,0
1503,2021-02-11,2021,2,11,5,1,1,0
1504,2021-02-12,2021,2,12,6,1,1,0
1505,2021-02-13,2021,2,13,7,0,0,0
1506,2021-02-14,2021,2,14,1,0,0,0
1507,2021-02-15,2021,2,15,2,1,1,0
1508,2021-02-16,2021,2,16,3,1,1,0
1509,2021-02-17,2021,2,17,4,1,1,0
1510,2021-02-18,2021,2,18,5,1,1,0
1511,2021-02-19,2021,2,19,6,1,1,0
1512,2021-02-20,2021,2,20,7,0,0,0
1513,2021-02-21,2021,2,21,1,0,0,0
1514,2021-02-22,2021,2,22,2,1,1,0
1515,2021-02-23,2021,2,23,3,1,1,0
1516,2021-02-24,2021,2,24,4,1,1,0
1517,2021-02-25,2021,2,25,5,1,1,0
1518,2021-02-26,2021,2,26,6,1,1,0
1519,2021-02-27,2021,2,27,7,0,0,0
1520,2021-02-28,2021,2,28,1,0,0,0
